13115;[How do I Record a WebEx meeting?](http://link.tontonserver.com);
13118;[How Do I OBTAIN a WebEx ACCOUNT or perform my first access?](http://link.tontonserver.com);
13119;[How do I reset the WebEx password?](http://link.tontonserver.com);
13120;[How do I get WebEx Audio Codes (to organize an audio conference WITHOUT Web part and WITHOUT computer?](http://link.tontonserver.com);
13121;[How do I Schedule a WebEx Audio conference?](http://link.tontonserver.com);
13122;[How do I get a WebEx toll free number?](http://link.tontonserver.com);
13127;[How do I change the WebEx language interface?](http://link.tontonserver.com);
13129;[How do I SHARE my DESKTOP or my APPLICATION during a WebEx meeting?](http://link.tontonserver.com);
13132;[How do I manage the WebEx delegation (schedule meeting on behalf of)?](http://link.tontonserver.com);
13142;[How do I select an alternate host for my WebEx meeting?](http://link.tontonserver.com);
13143;[How do I use the AUDIO feature of a WebEx WEB conference?](http://link.tontonserver.com);
13148;[How do I configure my WebEx account in Jabber?](http://link.tontonserver.com);
13152;[How do I find the WebEx Users guides and documentations?](http://link.tontonserver.com);
14346;[How do I Connect to the WebEx web site?](http://link.tontonserver.com);
19196;[How do I identify the WebEx services used?](http://link.tontonserver.com);
19215;[How Do I attend a Webex Meeting as PARTICIPANT (with / without WebEx account)?](http://link.tontonserver.com);
19216;[How Do I launch a Webex Meeting as host (organizer) or âalternateâ host?](http://link.tontonserver.com);
13096;[WebEx Audio â The call-in numbers are not working](http://link.tontonserver.com);
13097;[Administrator rights requested to join a WebEx meeting](http://link.tontonserver.com);
13107;[Impossible to load the WebEx One-Click plug-in in Outlook](http://link.tontonserver.com);
13111;[Airbusconferencing.webex.com meeting are still available in Outlook](http://link.tontonserver.com);
13114;[WebEx - Recurring meeting](http://link.tontonserver.com);
13447;[WebEx - SSO Redirection Failed : My account is deactivated](http://link.tontonserver.com);
13450;[I cannot find participant when I schedule a WebEx meeting via IE](http://link.tontonserver.com);
13452;[WebEx Audio â The Call me function is not working](http://link.tontonserver.com);
13963;[Package âWebEx One-Clickâ not available in Pc-Services](http://link.tontonserver.com);
13966;[WebEx AUDIO conference bad quality](http://link.tontonserver.com);
6386;[Username or password incorrect / User account is deactivated - old airbusconferencing.webex.com WebEx service](http://link.tontonserver.com);
13967;[WebEx message - The System is having difficulty processing your request](http://link.tontonserver.com);
13968;[What is the maximum number of participants in a WebEx meeting?](http://link.tontonserver.com);
14252;[WebEx - SSO - Service Temporarily Unavailable](http://link.tontonserver.com);
14256;[WebEx - SSO - Airbus Group Single Sign-On Error](http://link.tontonserver.com);
14264;[WebEx message - Weâve hit a glitch in processing your request](http://link.tontonserver.com);
14265;[For all other WebEx Problems](http://link.tontonserver.com);
14854;[External user WITHOUT an AIRBUS CONFIGURATION computer cannot join an Airbus WebEx meeting](http://link.tontonserver.com);
14855;[WebEx site - 'This page canât be displayed'](http://link.tontonserver.com);
14857;[WebEx - Many Alternate host users donât appear in the âselect alternate hostâ field](http://link.tontonserver.com);
14858;[WebEx Audio only conference â Impossible to schedule meeting for another person](http://link.tontonserver.com);
14859;[WebEx Audio only conference â The host code does not appear in the invitation of the host](http://link.tontonserver.com);
15120;[WebEx - SSO Redirection Failed: Auto Account Creation Failed](http://link.tontonserver.com);
15121;[WebEx - SSO Redirection Failed: Auto Account Update Failed](http://link.tontonserver.com);
15122;[WebEx message â atmgr.exe Entry Point Not Found - Qtcore4.dll](http://link.tontonserver.com);
19110;[WebEx SSO - Http error 500](http://link.tontonserver.com);
19217;[WebEx - SSO Redirection Failed: Invalid Response message](http://link.tontonserver.com);
22141;[WebEx - I cannot connect to the audio](http://link.tontonserver.com);
19221;[WebEx site â The user have a âjoinâ button greyed](http://link.tontonserver.com);
26202;[Webex functionalities are not available in Jabber (Option deactivated and grayed) ](http://link.tontonserver.com);
26207;[WebEx error message through Jabber: "Webex meeting is unavailable"](http://link.tontonserver.com);
1494;[NON BUSINESS HOURS FOR IP TELEPHONY - JABBER - ANALOG PHONE ](http://link.tontonserver.com);
22229;[SelfService WebEx message - Outlook experienced a serious problem with the 'Webex productivity tools'](http://link.tontonserver.com);
6385;[Wrong PIN code - WebEx](http://link.tontonserver.com);
6387;[How do I get a toll free number? - WebEx](http://link.tontonserver.com);
6388;[The ârecordâ button is grey - WebEx](http://link.tontonserver.com);
6390;[Problems with Personal Conferencing Number - WebEx](http://link.tontonserver.com);
6391;[How do I share my desktop or my application? - WebEx](http://link.tontonserver.com);
6392;[For all other Problems â old Webex service](http://link.tontonserver.com);
6393;[Personal conferencing button missing - WebEx](http://link.tontonserver.com);
6394;[Error loading WebEx One-Click plug-in in Outlook program - WebEx](http://link.tontonserver.com);
6395;[How do I manage my Contacts? - WebEx](http://link.tontonserver.com);
6397;[âShow all global call-in numberâ option does not appear during schedule process - WebEx](http://link.tontonserver.com);
6398;[How do I manage the WebEx delegation (schedule meeting on behalf of)? - WebEx](http://link.tontonserver.com);
6399;[Problem at the first password change, using Outlook One-Click plug-in - WebEx](http://link.tontonserver.com);
6400;[For a recurrent meeting, problem to modify an occurrence - WebEx](http://link.tontonserver.com);
6401;[How do I change the WebEx language interface? - WebEx](http://link.tontonserver.com);
6402;[How do I use Audio option for Non-Airbus users? - WebEx](http://link.tontonserver.com);
6403;[User has only âOther teleconference serviceâ and âNoneâ audio option - WebEx](http://link.tontonserver.com);
6405;[Meeting is empty / meeting is blank / invitation is empty / After putting credentials, nothing happens - WebEx](http://link.tontonserver.com);
6406;[How do I use Audio conference for Airbus Users? - WebEx](http://link.tontonserver.com);
6407;[How do I reset the password? - WebEx](http://link.tontonserver.com);
6408;[How do I know if WebEx is working on the backup site? - WebEx](http://link.tontonserver.com);
6409;[No match found for a user - WebEx](http://link.tontonserver.com);
6410;[Error 4016 when joining an audio conference - WebEx](http://link.tontonserver.com);
6411;[How do I ask for a WebEx account? - WebEx](http://link.tontonserver.com);
6412;[User cannot login - WebEx](http://link.tontonserver.com);
6413;[Error 4005 when joining a meeting - WebEx](http://link.tontonserver.com);
6416;[Old WEBEX service-General Information](http://link.tontonserver.com);
6419;[Users password expired, changing password doesnât work / Your password has expired, please provide a new password - WebEx](http://link.tontonserver.com);
6420;[How do I change the default WebEx phone number? - WebEx](http://link.tontonserver.com);
6421;[Wrong URL / Your website address cannot be accessed / Your WebEx service site cannot be accessed - WebEx](http://link.tontonserver.com);
6422;[How do I share my application if I am not the presenter? - WebEx](http://link.tontonserver.com);
6423;[PIN code is asked - WebEx](http://link.tontonserver.com);
6424;[How do I get an Audio Code (to organize an audio conference without computer? - WebEx](http://link.tontonserver.com);
6425;[What is my WebEx Username? - WebEx](http://link.tontonserver.com);
6427;[How do I ask for an URGENT WebEx account request? - WebEx](http://link.tontonserver.com);
6428;[The call-in numbers are not working - WebEx](http://link.tontonserver.com);
6429;[The address book is empty - WebEx](http://link.tontonserver.com);
6430;[The audio conference service is temporarily unavailable - WebEx](http://link.tontonserver.com);
6431;[Audio button during meeting canât be selected or is grey - WebEx](http://link.tontonserver.com);
6433;[How do I select an alternate host? - WebEx](http://link.tontonserver.com);
6437;[Where is the documentation? - WebEx](http://link.tontonserver.com);
6441;[Login problem following user account request - WebEx](http://link.tontonserver.com);
6442;[Administrator rights requested to join a WebEx meeting - WebEx](http://link.tontonserver.com);
6447;[URL not found - WebEx](http://link.tontonserver.com);
6455;[Administrator rights requested to join a WebEx meeting - WebEx](http://link.tontonserver.com);
13082;[âYour account has been locked outâ message - WebEx](http://link.tontonserver.com);
13083;[âThe meeting you are trying to join is not currently in progressâ message - WebEx](http://link.tontonserver.com);
13088;[User Cannot login - New WebEx service - WEBEX ON PREMISES](http://link.tontonserver.com);
13094;[URL not found - New WebEx service - WEBEX ON PREMISES](http://link.tontonserver.com);
13948;[My account is disabled - WEBEX](http://link.tontonserver.com);
13962;[âYou entered incorrect access code or key or you have not set up access code for your accountâ - WEBEX](http://link.tontonserver.com);
13101;[For any other remarks regarding the new Webex solution - New WebEx service - WEBEX ON PREMISES](http://link.tontonserver.com);
13105;[User cannot access - New WebEx service - WEBEX ON PREMISES](http://link.tontonserver.com);
13113;[WebEx site - Wrong URL / Your website address cannot be accessed / Your WebEx service site cannot be accessed](http://link.tontonserver.com);
13116;[How do I know my WebEx Username?](http://link.tontonserver.com);
13131;[Question: How do I share my application if I am not the presenter? - New WebEx service - WEBEX ON PREMISES](http://link.tontonserver.com);
13812;[Audio Cuts or degradation - New WebEx service - WEBEX ON PREMISES](http://link.tontonserver.com);
1151;[How do I add an external contact?](http://link.tontonserver.com);
1155;[How can I change the Jabber menu language?](http://link.tontonserver.com);
1127;[How do I CHANGE my PRESENCE STATUS in Jabber? ](http://link.tontonserver.com);
1095;[How Do I Know What Does My Presence Status Means?](http://link.tontonserver.com);
1125;[How do I REMOVE CUSTOMISED STATUS? ](http://link.tontonserver.com);
1088;[How Do I control my Status with Outlook Calender entries?](http://link.tontonserver.com);
1097;[How do I Start A Call From Outlook using the Jabber softphone?](http://link.tontonserver.com);
20057;[How do I install/reinstall the Jabber application?](http://link.tontonserver.com);
1164;[How can I start and log on Jabber application?](http://link.tontonserver.com);
1494;[NON BUSINESS HOURS -- ECC support process -- (Unified Communication, IPT, Jabber, WebEx, VCS)](http://link.tontonserver.com);
1121;[Camera doesn.t work with Jabber softphone](http://link.tontonserver.com);
1168;[My headset is not working](http://link.tontonserver.com);
1087;[The Jabber calendar does not include Outlook meetings](http://link.tontonserver.com);
1162;[User CANNOT SHARE DESKTOP with Jabber : option GRAYED](http://link.tontonserver.com);
1086;[Unified Cisco Jabber client doesn't appear under PC Services](http://link.tontonserver.com);
1145;[In MWZ or Channel: the Phone Control button is red crossed or I want to use my Deskphone with Jabber](http://link.tontonserver.com);
1084;[Any Other Problem - JABBER](http://link.tontonserver.com);
1118;[Webex Icon on Instant Messaging Window or on tab column does not appear](http://link.tontonserver.com);
1107;[Cannot View Presence Status Immediately - Contact to Allow Permission?](http://link.tontonserver.com);
1108;[How do I Start a Chat / IM Session from Outlook?](http://link.tontonserver.com);
1106;[How to set up Jabber for WebEx meetings?](http://link.tontonserver.com);
1119;[How do I start a Webex Session?](http://link.tontonserver.com);
1133;[Instant Webex Meeting in grey when right click on contact list](http://link.tontonserver.com);
1147;[The Webex Icon is grey in Instant Messaging Window - UNIFIED CISCO JABBER CLIENT](http://link.tontonserver.com);
1149;[How do I add a contact from Outlook?](http://link.tontonserver.com);
1148;[The User ID is not correctly assigned.](http://link.tontonserver.com);
1154;[How do I obtain Access to Jabber?](http://link.tontonserver.com);
1111;[Unified Cisco Jabber client does not start or open.](http://link.tontonserver.com);
1134;[Cannot Login â Specify server type & login information](http://link.tontonserver.com);
1137;[Wrong name is displayed while calling](http://link.tontonserver.com);
1100;[PAC and ALIR databases need to be matched](http://link.tontonserver.com);
1163;[Desktop sharing does not stop](http://link.tontonserver.com);
1161;[Check that Unified Cisco Jabber client is installed](http://link.tontonserver.com);
1138;[Cannot have access to Webex Login information.](http://link.tontonserver.com);
1146;[Outlook Plug-In Issues with Windows XP Version](http://link.tontonserver.com);
1166;[Create A Problem Report For Technical Assistance](http://link.tontonserver.com);
1169;[DLL Registry Installation Issues](http://link.tontonserver.com);
13578;[User can't forward a call to his own phone number](http://link.tontonserver.com);
1167;[How do I request a headset supported for Jabber?](http://link.tontonserver.com);
1117;[How Do I start a call from my contact list in Outlook?](http://link.tontonserver.com);
1159;[How Do I block/unblock my presence status sent to other users?](http://link.tontonserver.com);
1139;[How do I use my Headset Jabra UC Voice provided to Softphone-Only users?](http://link.tontonserver.com);
1144;[Other Webex Issue](http://link.tontonserver.com);
1468;[NON-CORE HOURS PROCESS FOR UNITED KINGDOM : User is VIP, Airtac, SCAS or AOG user has an incident with Jabber/IP Phone](http://link.tontonserver.com);
1476;[NON-CORE HOURS PROCESS FOR UNITED KINGDOM : More than 10 users affected](http://link.tontonserver.com);
1467;[NON-CORE HOURS PROCESS FOR UNITED KINGDOM : Automatic alerts regarding general problem on IPT Infrastructure](http://link.tontonserver.com);
1471;[NON-CORE HOURS PROCESS FOR GERMANY : User is VIP, Airtac, SCAS or AOG user has an incident with Jabber/IP Phone](http://link.tontonserver.com);
1469;[NON-CORE HOURS PROCESS FOR GERMANY : More than 10 users affected](http://link.tontonserver.com);
1477;[NON-CORE HOURS PROCESS FOR GERMANY : Automatic alerts regarding general problem on IPT Infrastructure](http://link.tontonserver.com);
1473;[NON-CORE HOURS PROCESS FOR SPAIN: User is VIP, Airtac, SCAS or AOG user has an incident with Jabber/IP Phone](http://link.tontonserver.com);
1475;[NON-CORE HOURS PROCESS FOR SPAIN: More than 10 users affected](http://link.tontonserver.com);
1472;[NON-CORE HOURS PROCESS FOR SPAIN: Automatic alerts regarding general problem on IPT Infrastructure](http://link.tontonserver.com);
1474;[NON-CORE HOURS PROCESS FOR FRANCE : TOULOUSE, NANTES, SAINT NAZAIRE: More than 10 users affected](http://link.tontonserver.com);
1488;[NON-CORE HOURS PROCESS FOR FRANCE:Automatic alerts regarding general problem on IPT Infrastructure](http://link.tontonserver.com);
14079;[SelfService How do I activate/deactivate filter ?](http://link.tontonserver.com);
14153;[How do I deactivate the call waiting of my IP Phone? ](http://link.tontonserver.com);
14158;[SelfService How can I call from the corporate directory?](http://link.tontonserver.com);
14119;[SelfService How do I change my Voicemail's PIN Code on IP Phone ?](http://link.tontonserver.com);
14078;[SelfService How do I change the volume of the IP phone ?](http://link.tontonserver.com);
14083;[SelfService How do I configure the callback ?](http://link.tontonserver.com);
14141;[SelfService How do I move up or down the speed dials on the IP Phone?](http://link.tontonserver.com);
14192;[SelfService How do I remove speed dials on the IP Phone?](http://link.tontonserver.com);
14089;[SelfService How do I configure speed dial of the IP Phone ?](http://link.tontonserver.com);
14098;[SelfService How do I call my voice mail? - IP TELEPHONY](http://link.tontonserver.com);
14162;[Airbus and Airbus Group users IP Phone - General information](http://link.tontonserver.com);
14055;[How can I be added to a phone group or hunt group?](http://link.tontonserver.com);
14179;[How can I declare a stolen or missing phone ?](http://link.tontonserver.com);
14050;[How can I forward my calls to another extension?](http://link.tontonserver.com);
14108;[How can I get Extension Mobility in Airbus France? (Only TO & CE) - IP TELEPHONY](http://link.tontonserver.com);
14075;[How do I modify the language of the voicemail ?](http://link.tontonserver.com);
14040;[How can I put a correspondent on hold ? ](http://link.tontonserver.com);
5871;[How do I change my .Phone Number.? - ALIR My Identity](http://link.tontonserver.com);
14107;[How do I log on to my phone using Extention Mobility?](http://link.tontonserver.com);
14147;[Airbus & HQ -F users How do I get my Voicemail Pin Code? - IP TELEPHONY](http://link.tontonserver.com);
14128;[During an Office move, will my IP Phone be moved?](http://link.tontonserver.com);
14154;[SelfService How do I access my voicemail from another extension? IP Phone](http://link.tontonserver.com);
14070;[SelfService How do I call my voice mail when I'm not in the office? IP Phone](http://link.tontonserver.com);
14163;[SelfService How do I change my phone's language? - IP Phone](http://link.tontonserver.com);
14138;[SelfService How do I delete a Message from my Voicemail on the IP Phone ?](http://link.tontonserver.com);
14049;[SelfService How do I dial from my call logs on IP Phone?](http://link.tontonserver.com);
14059;[SelfService How do I disable call forwarding on IP Phone?](http://link.tontonserver.com);
14054;[SelfService How to enable call forwarding on an IP Phone?](http://link.tontonserver.com);
14169;[SelfService How to initialize my voicemail service on IP Phone?](http://link.tontonserver.com);
14068;[SelfService How to intercept a call on another phone? - IP Phone](http://link.tontonserver.com);
14062;[SelfService How to manage alarms and callbacks on IP Phone?](http://link.tontonserver.com);
14152;[HQ - SelfService How can I obtain a headset for my IP Phone?](http://link.tontonserver.com);
14096;[SelfService How to place a call with an IP Phone?](http://link.tontonserver.com);
14160;[SelfService How to put my phone on loudspeaker?](http://link.tontonserver.com);
14177;[SelfService How to redial the last dialled number on an IP Phone?](http://link.tontonserver.com);
14052;[SelfService How can I start a standard conference with an IP Phone?](http://link.tontonserver.com);
14073;[CISCO - IP Phone 8961](http://link.tontonserver.com);
14125;[User cannot Forward Calls to a Mobile Phone or an External number - IP Phone](http://link.tontonserver.com);
14046;[Error Message: "Configuring IP" on IP Phone](http://link.tontonserver.com);
14051;[IPSMA problems](http://link.tontonserver.com);
14072;[Handset doesn.t work](http://link.tontonserver.com);
14086;[Error Message: "Ethernet cable disconnected" on IP PHONE](http://link.tontonserver.com);
14048;[Problems with analogue phone](http://link.tontonserver.com);
14056;[Registering IP - IP Phone](http://link.tontonserver.com);
14058;[Various hardware problems such as broken LCD screen, broken buttons, cable or power adaptor failure - IP Phone](http://link.tontonserver.com);
14060;[User cannot make local, national, mobile, international or special number calls - IP Phone](http://link.tontonserver.com);
14067;[No dialling tone on several IP phones](http://link.tontonserver.com);
14093;[The user would like a technician to plug his IP Phone back in](http://link.tontonserver.com);
14103;[Call problem with intercoms (NO RED PHONE, NO IP PHONE)](http://link.tontonserver.com);
14121;[IP Phone does not boot correctly](http://link.tontonserver.com);
14140;[Problem with the display of the Caller's Name - IP Phone](http://link.tontonserver.com);
14145;[PC Lan port on the IP Phone is not working](http://link.tontonserver.com);
14161;[Problem with conferencing or the music while on hold on IP Phone](http://link.tontonserver.com);
14038;[For All Problems with NON STANDARD FIXED PHONES - No RED PHONES & No IP PHONES](http://link.tontonserver.com);
14127;[How can I change the name displayed on the IP Phone?](http://link.tontonserver.com);
16877;[HQ-F users PHONE CARMAT](http://link.tontonserver.com);
30772;[Users pick up function no longer works after updates on phone - IP Phone](http://link.tontonserver.com);
14090;[SelfService How to activate a call waiting?](http://link.tontonserver.com);
14094;[How can I disable call forwarding to my voicemail service?](http://link.tontonserver.com);
14077;[How can I disable the call forwarding? (A-D, A-F and CE Only)](http://link.tontonserver.com);
14146;[How can I forward my calls to voice mail? (A-D, A-F and CE Only)](http://link.tontonserver.com);
14063;[How can I initiate a call conference? (A-D, A-F and CE Only)](http://link.tontonserver.com);
14137;[How can I listen to my old messages ?](http://link.tontonserver.com);
14110;[How can I pick up a call in my group? (A-F, A-D and CE Only)](http://link.tontonserver.com);
14178;[How can I place a call while already on line?](http://link.tontonserver.com);
14129;[How can I redial the last number? (A-F, A-D and CE Only)](http://link.tontonserver.com);
14099;[How can I take a call from someone in my pick-up group, while ringing?](http://link.tontonserver.com);
14081;[How can I transfer a call ?](http://link.tontonserver.com);
14057;[How can I transfer a call to a third party? (A-F, A-D and CE Only)](http://link.tontonserver.com);
14084;[How do I change the contrast of my IP Phone screen or of the Expansion Module screen?](http://link.tontonserver.com);
14047;[Airbus & HQ-F users How can I lock my phone?- IP TELEPHONY](http://link.tontonserver.com);
14155;[Airbus & HQ-F Users How can I store and retrieve parked calls? - IP TELEPHONY ](http://link.tontonserver.com);
14065;[Airbus & HQ-F users I had a private directory on my old phone and I canât find the same thing on the IP phone - IP TELEPHONY](http://link.tontonserver.com);
14042;[Airbus & HQ-F users I had an alphanumeric keyboard on my old phone and not on the new IP phone - IP TELEPHONY](http://link.tontonserver.com);
14142;[Airbus & HQ-F users I need training / information on the new phone - IP TELEPHONY](http://link.tontonserver.com);
16720;[Airbus & HQ-F Users What is my extension number? - IP TELEPHONY](http://link.tontonserver.com);
14130;[Airbus & HQ-F Users What is the difference between a Hunt Group and a Pick up Group? - IP TELEPHONY](http://link.tontonserver.com);
14044;[SelfService CISCO - IP Conference Station 7937 - IP TELEPHONY](http://link.tontonserver.com);
14166;[SelfService CISCO - IP phone 7941 and 7942 - IP TELEPHONY ](http://link.tontonserver.com);
14112;[Airbus and HQ-F users Ciscoâs IP phone 7941, 7942 and 7961, 7962 Connexion - IP TELEPHONY](http://link.tontonserver.com);
14043;[SelfService CISCO - IP phone 7961 and 7962 - IP TELEPHONY ](http://link.tontonserver.com);
14173;[Airbus and HQ-F users CISCOSâs IP Conference Station 7937 Connexion - IP TELEPHONY](http://link.tontonserver.com);
14172;[Airbus and HQ-F Users How can I transfer two calls to each other? - IP TELEPHONY ](http://link.tontonserver.com);
16852;[HQ Telephony CIMPA - IP TELEPHONY](http://link.tontonserver.com);
16787;[HQ-F users CISCO 6921 IP Phone - IP TELEPHONY](http://link.tontonserver.com);
16785;[HQ-F users How can assistant be set to available or not available on Telisca? - IP TELEPHONY](http://link.tontonserver.com);
16782;[HQ-F users How can I change my Fax? - IP TELEPHONY](http://link.tontonserver.com);
16813;[HQ-F users How can I configure filtering exceptions with Telisca? - IP TELEPHONY](http://link.tontonserver.com);
16732;[HQ-F Users How can I disconnect from a Hunt Group? - IP TELEPHONY](http://link.tontonserver.com);
16799;[HQ-F users How can I do a call filter with Telisca? - IP TELEPHONY](http://link.tontonserver.com);
16805;[HQ-F users How can I forward my Managerâs calls with Telisca? - IP TELEPHONY](http://link.tontonserver.com);
16784;[HQ-F users How can I make my Fax removed? - IP TELEPHONY](http://link.tontonserver.com);
16816;[HQ-F users How can I manage filtering from the Managerâs phone with Telisca? - IP TELEPHONY](http://link.tontonserver.com);
16810;[HQ-F users How do I reset my voice mailbox password? - IP TELEPHONY](http://link.tontonserver.com);
16803;[HQ-F users How does the manager pick up a filtered call with Telisca? - IP TELEPHONY](http://link.tontonserver.com);
16777;[HQ-F users What are my first connection credentials to NetWise NOW? - IP TELEPHONY](http://link.tontonserver.com);
14168;[CISCO - IP phone 8941 and 8945](http://link.tontonserver.com);
14159;[Ciscoâs IP phone and buttons](http://link.tontonserver.com);
14113;[CISCOSâs IP Conference Station 8831 Connexion](http://link.tontonserver.com);
14106;[I could make private call with the number 19. I canât do the same thing on the IP Phone](http://link.tontonserver.com);
14115;[IPSMA How can I permit a number to avoid filtering](http://link.tontonserver.com);
14082;[IPSMA How I check if I have IPSMA](http://link.tontonserver.com);
14132;[IPSMA Screenshot](http://link.tontonserver.com);
14156;[My headset is not working anymore](http://link.tontonserver.com);
14149;[Why do some features no longer work? (A-F, A-D and CE Only)](http://link.tontonserver.com);
16771;[HQ-F users Handset or Jabra Speaker doesnât work - IP TELEPHONY](http://link.tontonserver.com);
16783;[HQ-F users User has an issue with his fax - IP TELEPHONY](http://link.tontonserver.com);
16809;[HQ-F users IP Phone reset unexpectedly - IP TELEPHONY](http://link.tontonserver.com);
16814;[HQ-F users Cannot logon to the phone using his logon and default PIN - IP TELEPHONY](http://link.tontonserver.com);
14045;[The phone is not ringing and there is the message âDo Not Distubr is activeâ](http://link.tontonserver.com);
14061;[Issues with Radio Clocks (Funkuhren)](http://link.tontonserver.com);
14066;[Airbus and HQ-F users User has a busy tone when calling a number - IP TELEPHONY](http://link.tontonserver.com);
14071;[Airbus and HQ-F users Problem with the Directory â IP TELEPHONY](http://link.tontonserver.com);
14080;[Defibrillator](http://link.tontonserver.com);
14087;[Wrong information in Outlook address book or Airbus people](http://link.tontonserver.com);
14097;[Airbus Users User cannot call surcharged phone numbers (starting with extensions: 0825..., 0836..., 0892..., 36.., 805, 806, 0900, 0190 etc) - IP TELEPHONY](http://link.tontonserver.com);
14116;[Airbus and HQ-F users NETWISE/Switchboard/Operator problems - IP TELEPHONY](http://link.tontonserver.com);
14139;[There is no phone ring when someone is calling the User](http://link.tontonserver.com);
14143;[User asks why he does not have an IP phone but only an analogue phone](http://link.tontonserver.com);
14148;[SelfService How do I access my voice mail when my PIN code is not working?](http://link.tontonserver.com);
14170;[DECT phone problem (Kirk)](http://link.tontonserver.com);
29188;[SelfService How do I request the removal of an IP Phone while keeping the line (for use with Softphone)?](http://link.tontonserver.com);
28082;[SelfService I'm moving to another building on the same site. I need to move my IP phone and computer, what do I need to do?](http://link.tontonserver.com);
28086;[SelfService I'm moving to another site or country and I own an IP phone and computer, what do I need to do?](http://link.tontonserver.com);
27689;[SelfService How do I modify options for service line number?](http://link.tontonserver.com);
27441;[SelfService How do I create a phone lines pickup group?](http://link.tontonserver.com);
27576;[SelfService How do I leave a phone lines pickup group?](http://link.tontonserver.com);
27555;[SelfService How do I create a distributing phone calls group (hunt group)?](http://link.tontonserver.com);
27484;[SelfService How do I leave a Distributing phone calls group (hunt group)?](http://link.tontonserver.com);
27106;[SelfService How do I request an IP phone with Manager Assistant Filtering?](http://link.tontonserver.com);
27129;[SelfService How do I remove an IP Phone with Filtering option?](http://link.tontonserver.com);
27581;[SelfService How do I get an extension device for my IP phone (only for assistant/ Manager)?](http://link.tontonserver.com);
27718;[SelfService How do I Remove an Audio Conference Phone? - IP TELEPHONY](http://link.tontonserver.com);
27725;[SelfService How do I remove an analog specific phoning device and line (Lift, Security gate (turnstile), Fax, etc.)? ](http://link.tontonserver.com);
27728;[SelfService How do I install call center operator console software (UCCX Agent)?](http://link.tontonserver.com);
27731;[SelfService How do I request a switchboard console (Netwise)?](http://link.tontonserver.com);
27775;[SelfService How do I request a VITAL Plateau specific line?](http://link.tontonserver.com);
27765;[SelfService How do I request for other request not referenced in catalog?](http://link.tontonserver.com);
27310;[SelfService How do I request an IP Phone?](http://link.tontonserver.com);
27352;[SelfService How do I reassign an IP phone? (phone owner renaming)?](http://link.tontonserver.com);
27359;[SelfService How do I request the removal of an IP Phone and line?](http://link.tontonserver.com);
27655;[SelfService How do I request a phone and line for service line use?](http://link.tontonserver.com);
27762;[SelfService How do I request my number does not appear on caller ID? ("Private number" is displayed)](http://link.tontonserver.com);
27621;[SelfService How do I get information about the fixed phone requests catalog? - IP TELEPHONY - JABBER](http://link.tontonserver.com);
27690;[SelfService How do I remove an IP phone and associated line allocated to a Service?](http://link.tontonserver.com);
27593;[SelfService How do I request a Softphone line?](http://link.tontonserver.com);
27610;[SelfService How do I remove a Softphone line ?](http://link.tontonserver.com);
27480;[SelfService How do I join a phone pickup group?](http://link.tontonserver.com);
27563;[SelfService How do I join a distributing phone calls group (hunt group)?](http://link.tontonserver.com);
27252;[SelfService How do I reassign an IP phone with filtering? (assistant/manager function)?](http://link.tontonserver.com);
27239;[SelfService How do I modify phone numbers filtering (assistant/manager function)?](http://link.tontonserver.com);
27711;[SelfService How do I request an Audio Conference Phone?](http://link.tontonserver.com);
27720;[SelfService How do I request an analog specific phoning device and line (Lift, Security gate (turnstile), Fax, etc.)?](http://link.tontonserver.com);
14053;[IPSMA How can I activate forward to voicemail, mobile or another number](http://link.tontonserver.com);
14076;[SelfService How do I customize my voicemail service?](http://link.tontonserver.com);
14085;[IP Phone does not start - IP TELEPHONY](http://link.tontonserver.com);
14105;[IP Phone resets unexpectedly](http://link.tontonserver.com);
14136;[No dialing tone on the IP phone - IP TELEPHONY](http://link.tontonserver.com);
14102;[Name displayed on the IP Phone is wrong or the User wants to change it](http://link.tontonserver.com);
14091;[Airbus & HQ-F Users How can I create or modify a phoneâs Hunt Group? - IP TELEPHONY](http://link.tontonserver.com);
14134;[Airbus & HQ-F Users How can I forward calls? - IP Telephony](http://link.tontonserver.com);
14171;[Airbus & HQ-F Users How can I listen to my new messages? - IP TELEPHONY ](http://link.tontonserver.com);
14114;[Airbus & HQ-F Users How can I put a call on hold? - IP TELEPHONY ](http://link.tontonserver.com);
16731;[SelfService How do I request an IP Phone](http://link.tontonserver.com);
14165;[Airbus & HQ-F users How can I call my voicemail? - IP TELEPHONY](http://link.tontonserver.com);
16778;[HQ-F Users How can I place a call while already online? - IP TELEPHONY ](http://link.tontonserver.com);
14074;[IP Phone does not boot correctly - Load rejected HC](http://link.tontonserver.com);
14092;[IP Phone does not boot correctly - No default router](http://link.tontonserver.com);
14104;[Registering IP -  issue reported on several phones](http://link.tontonserver.com);
14135;[How can I create or join a pick up group?](http://link.tontonserver.com);
14100;[How can I leave a pick up group I am a member of?](http://link.tontonserver.com);
14088;[How can I modify my phoneâs facilities?](http://link.tontonserver.com);
14064;[How can I obtain or remove supervision of one or several phones (phone group)?](http://link.tontonserver.com);
14175;[Airbus & HQ-F Users How can I join a Hunt Group? - IP TELEPHONY](http://link.tontonserver.com);
14124;[Airbus & HQ-F users How do I change my IP Phone profile details (name, department, etc)? - IP TELEPHONY](http://link.tontonserver.com);
14069;[Airbus and HQ-F users How can I obtain a different IP Phone model? - IP TELEPHONY](http://link.tontonserver.com);
16815;[HQ-F users How can I declare a new Manager in Telisca? - IP TELEPHONY](http://link.tontonserver.com);
16780;[HQ-F users How can I obtain a fax? - IP TELEPHONY](http://link.tontonserver.com);
16721;[HQ-F Users How can I request the removal of my IP Phone - IP TELEPHONY](http://link.tontonserver.com);
16812;[HQ-F users The IP Phone does not boot correctly - IP TELEPHONY](http://link.tontonserver.com);
14185;[IP Phone does not boot correctly - CFG TFTP Size Error](http://link.tontonserver.com);
14095;[How can I access my Voice mail outside Airbus (Only for CE)](http://link.tontonserver.com);
14109;[Airbus and HQ-F users Problem with voicemail inbox (mailbox) - IP TELEPHONY](http://link.tontonserver.com);
14117;[IP Phone does not boot correctly - TFTP access error](http://link.tontonserver.com);
14118;[Hardware and quality problem with intercoms (NO RED PHONE, NO IP PHONE)](http://link.tontonserver.com);
14120;[IP Phone does not boot correctly - TFTP timeout](http://link.tontonserver.com);
14122;[Hard phone switches to the speaker](http://link.tontonserver.com);
14126;[IP Phone does not boot correctly - DNS unknown host](http://link.tontonserver.com);
14131;[IP Phone does not boot correctly - CFG file not found](http://link.tontonserver.com);
14144;[For all other IPT Problems in UK, France, SPAIN and Germany](http://link.tontonserver.com);
14150;[IP Phone does not boot correctly - Load ID incorrect](http://link.tontonserver.com);
14157;[IP Phone does not boot correctly - Checksum Error](http://link.tontonserver.com);
14164;[IP Phone does not boot correctly - DNS timeout](http://link.tontonserver.com);
14167;[IP Phone does not boot correctly - Programming Error](http://link.tontonserver.com);
14174;[IP Phone does not boot correctly - TFTP file not found](http://link.tontonserver.com);
14176;[IP Phone does not boot correctly - Error update locale](http://link.tontonserver.com);
14188;[IP Phone does not boot correctly - IP address released](http://link.tontonserver.com);
14189;[IP Phone does not boot correctly - No DNS server IP](http://link.tontonserver.com);
14186;[IP Phone does not boot correctly - DHCP timeout](http://link.tontonserver.com);
14187;[IP Phone does not boot correctly - Duplicate IP](http://link.tontonserver.com);
14041;[Handset doesnât work â phone displayed, line tone ok](http://link.tontonserver.com);
14133;[Handset doesnât work â phone displayed, no line tone](http://link.tontonserver.com);
16751;[HQ-F users Problem with Telisca (IPSMA) - IP TELEPHONY](http://link.tontonserver.com);
14111;[Airbus-UK & HQ-F users How do I log off of my phone using Extension Mobility? - IP TELEPHONY](http://link.tontonserver.com);
16678;[HQ Phone IPT for France - General information](http://link.tontonserver.com);
16716;[HQ Phone IPT for France - For all questions and issues](http://link.tontonserver.com);
16723;[HQ-F Users How can I change my phone? - IP TELEPHONY](http://link.tontonserver.com);
